Front	Back	Tags
What disease is the ROGDI case study about?	Kohlschutter-Tonz syndrome, also called amelocerebrohypohidrotic syndrome.	ROGDI nano-rare-GT Core_identity
What is the Orphanet ID for the ROGDI/KTS disease case?	ORPHA:1946.	ROGDI nano-rare-GT Core_identity
What are the two OMIM identifiers used in the ROGDI audit?	OMIM phenotype 226750 and OMIM gene 614574.	ROGDI nano-rare-GT Core_identity
What is the correct gene symbol for the case study?	ROGDI.	ROGDI nano-rare-GT Core_identity
What is the correct UniProt accession for human ROGDI?	Q9GZN7.	ROGDI nano-rare-GT Core_identity
What is the recommended protein name for UniProt Q9GZN7?	Protein rogdi homolog.	ROGDI nano-rare-GT Core_identity
What are three aliases for ROGDI?	KIAA0267, FLJ22386, and RAV2.	ROGDI nano-rare-GT Core_identity
What chromosome location is listed for ROGDI?	16p12.1.	ROGDI nano-rare-GT Core_identity
What is the protein length of ROGDI?	287 amino acids.	ROGDI nano-rare-GT Core_identity
What is the approximate molecular weight of ROGDI?	About 32.3 kDa, or 32,254 Da.	ROGDI nano-rare-GT Core_identity
What is the approximate ROGDI amino-acid coding region length?	About 861 bp, or 864 bp if the stop codon is included by convention.	ROGDI nano-rare-GT Core_identity
Why is source verification the first step before scoring a gene therapy target?	Because a wrong disease, gene, or protein identity poisons every downstream conclusion: cargo size, mechanism, potency assay, vector fit, and risk assessment.	ROGDI nano-rare-GT Source_verification
Which source is used to confirm protein identity and sequence facts?	UniProt. For ROGDI, the key accession is Q9GZN7.	ROGDI nano-rare-GT Source_verification
Which source is used to anchor rare disease identity?	Orphanet. For this case, the disease is ORPHA:1946.	ROGDI nano-rare-GT Source_verification
Which source is used for disease and gene OMIM entries?	OMIM. For ROGDI/KTS, phenotype 226750 and gene 614574 are used.	ROGDI nano-rare-GT Source_verification
What live UniProt facts were checked for Q9GZN7?	Primary accession, protein name, gene name, sequence length, molecular weight, and cross-references such as PDB, AlphaFoldDB, InterPro, and Pfam.	ROGDI nano-rare-GT Source_verification
What is the inheritance pattern of Kohlschutter-Tonz syndrome?	Autosomal recessive.	ROGDI nano-rare-GT Disease_biology
Why does autosomal recessive loss of function support gene addition?	Because adding a working copy of the gene can, in principle, replace missing or reduced function.	ROGDI nano-rare-GT Disease_biology
What are the three classic features of KTS described in the audit?	Amelogenesis imperfecta, infantile or early-onset epilepsy, and intellectual disability or severe neurodevelopmental impairment.	ROGDI nano-rare-GT Disease_biology
Name three additional clinical features reported in KTS.	Spasticity, hypohidrosis or heat intolerance, and nephrocalcinosis in some patients.	ROGDI nano-rare-GT Disease_biology
Why does the audit prioritize CNS rescue?	Because epilepsy and neurodevelopmental impairment likely dominate morbidity and mortality.	ROGDI nano-rare-GT Disease_biology
Why might dental disease be hard to reverse in KTS?	Enamel is formed during a limited developmental window and does not remodel like bone once formed.	ROGDI nano-rare-GT Disease_biology
How should ROGDI be treated functionally for gene therapy planning?	As a non-secreted intracellular scaffold or adaptor protein, not as a simple enzyme replacement target.	ROGDI nano-rare-GT Protein_function
What two PDB structures are linked to human ROGDI?	5XQH and 5XQI.	ROGDI nano-rare-GT Protein_function
What domain or family annotations are listed for ROGDI?	RAVE2/Rogdi, Rogdi_lz, InterPro IPR028241, and Pfam PF10259.	ROGDI nano-rare-GT Protein_function
What 2025 biology connection is important for ROGDI?	ROGDI is connected to Rabconnectin-3-associated V-ATPase biology.	ROGDI nano-rare-GT Protein_function
Why does the Rabconnectin-3/V-ATPase link matter?	It gives a plausible mechanism involving acidic organelles, lysosomes, synaptic vesicles, neurons, and enamel/mineralization biology.	ROGDI nano-rare-GT Protein_function
Is ROGDI secreted?	No. ROGDI is treated as intracellular and non-secreted.	ROGDI nano-rare-GT Localization
Why does non-secreted localization make gene therapy harder?	Because neighboring corrected cells are unlikely to rescue uncorrected cells by secreting the protein. The affected cells probably need direct transduction.	ROGDI nano-rare-GT Localization
What is cell-autonomous rescue?	A therapeutic effect that requires correction inside the affected cell itself.	ROGDI nano-rare-GT Localization
What is cross-correction?	Rescue of neighboring untransduced cells by a secreted therapeutic protein.	ROGDI nano-rare-GT Localization
Why is cross-correction expected to be low for ROGDI?	Because ROGDI is not known to be secreted.	ROGDI nano-rare-GT Localization
Name three reported or annotated ROGDI localization contexts.	Nuclear envelope, axon/dendrite/perikaryon, presynapse, synaptic vesicle context, or acidic organelle context.	ROGDI nano-rare-GT Localization
What is the highest-priority therapeutic tissue for the first ROGDI program?	CNS neurons.	ROGDI nano-rare-GT Target_tissues
Which tooth-development cell type matters for KTS dental disease?	Ameloblasts, the cells responsible for enamel formation.	ROGDI nano-rare-GT Target_tissues
Why is there a brain/teeth delivery mismatch?	A CNS-directed route is not expected to robustly correct ameloblasts, and dental-directed delivery will not rescue CNS neurons.	ROGDI nano-rare-GT Target_tissues
What is AAV?	Adeno-associated virus, a small non-replicating viral vector commonly used for in vivo gene delivery.	ROGDI nano-rare-GT AAV_and_cargo
What practical AAV packaging limit is used in the audit?	About 4.7 kb.	ROGDI nano-rare-GT AAV_and_cargo
Why does ROGDI pass the AAV cargo-size gate?	Its coding sequence is about 861 bp, leaving large room for promoter, polyA, ITRs, and other regulatory elements within the AAV limit.	ROGDI nano-rare-GT AAV_and_cargo
What first-pass vector is recommended for the ROGDI CNS proof of concept?	AAV9.	ROGDI nano-rare-GT AAV_and_cargo
Why is AAV9 considered relevant to ROGDI?	It has clinical precedent for nervous-system exposure, especially early-life CNS-directed gene replacement.	ROGDI nano-rare-GT AAV_and_cargo
Does AAV9 precedent prove ROGDI efficacy?	No. It only supports platform feasibility. ROGDI-specific success still requires direct neuronal transduction, correct localization, and valid potency assays.	ROGDI nano-rare-GT AAV_and_cargo
What promoter is recommended for the first ROGDI CNS proof of concept?	hSYN1, a compact human synapsin-1 promoter for neuron-biased expression.	ROGDI nano-rare-GT Construct_design
Why use a neuron-biased promoter like hSYN1 first?	It matches the CNS objective and may reduce unnecessary peripheral overexpression.	ROGDI nano-rare-GT Construct_design
What cargo would the first-pass ROGDI construct carry?	Sequence-verified human ROGDI Q9GZN7 cDNA.	ROGDI nano-rare-GT Construct_design
What routes are considered for CNS-prioritized ROGDI delivery?	Early-life systemic IV or intrathecal delivery, selected after biodistribution and toxicity comparison.	ROGDI nano-rare-GT Construct_design
Why is a simple enzyme activity assay not enough for ROGDI?	ROGDI is not being treated as a simple catalytic enzyme. It likely works through localization, complex interaction, and organelle/synaptic biology.	ROGDI nano-rare-GT Potency_assays
What should a ROGDI potency assay package measure?	Expression, intracellular localization, Rabconnectin-3 or complex interaction, V-ATPase/acidification readouts, and cell-based rescue.	ROGDI nano-rare-GT Potency_assays
What patient-cell model is proposed for early ROGDI testing?	Patient-derived iPSC neurons, with ameloblast-lineage or dental organoid assays where possible.	ROGDI nano-rare-GT Potency_assays
What is milestone 1 in the ROGDI preclinical strategy?	Source-lock and construct design: reconfirm Q9GZN7, lock transcript/cDNA convention, sequence-verify cDNA, and avoid stale annotations.	ROGDI nano-rare-GT Preclinical_plan
What is milestone 2 in the ROGDI preclinical strategy?	Patient-cell models: generate disease-relevant cells, confirm reduced or absent ROGDI, and define disease phenotypes.	ROGDI nano-rare-GT Preclinical_plan
What is milestone 3 in the ROGDI preclinical strategy?	Vector expression and potency: produce AAV9-hSYN1-ROGDI, confirm expression/localization, measure mechanism-linked rescue, and compare doses.	ROGDI nano-rare-GT Preclinical_plan
What is milestone 4 in the ROGDI preclinical strategy?	Animal proof of concept: use a validated Rogdi-deficient model if available and assess biodistribution, expression, seizure burden, survival, behavior, and safety.	ROGDI nano-rare-GT Preclinical_plan
What is milestone 5 in the ROGDI preclinical strategy?	IND-enabling package: release assays, potency assays, GLP toxicology, biodistribution, and early regulator engagement.	ROGDI nano-rare-GT Preclinical_plan
What is the risk called when AAV does not reach enough affected cells?	Cell-autonomous delivery failure.	ROGDI nano-rare-GT Risks
How should cell-autonomous delivery failure be mitigated?	Quantify direct neuronal transduction and do not assume cross-correction.	ROGDI nano-rare-GT Risks
What is the dental/CNS mismatch risk?	A brain-focused therapy may not fix tooth enamel disease, and a dental-focused therapy will not rescue the brain.	ROGDI nano-rare-GT Risks
What is the main overexpression concern for ROGDI?	Stoichiometric imbalance, mislocalization, or disrupted protein-complex assembly.	ROGDI nano-rare-GT Risks
What AAV safety issues should be monitored?	Anti-AAV immunity, liver toxicity, CNS inflammation, and dorsal root ganglion toxicity.	ROGDI nano-rare-GT Risks
Which ROGDI score is the strongest in the framework and why?	Size compatibility, because the ROGDI coding sequence is very small compared with the AAV packaging limit.	ROGDI nano-rare-GT Scoring
What composite score does the deep-dive give ROGDI approximately?	About 0.62 in the current unweighted v0.2 implementation.	ROGDI nano-rare-GT Scoring
What is the ROGDI gate status?	PASS for size compatibility.	ROGDI nano-rare-GT Scoring
Why is tissue tropism not scored as very high for ROGDI?	AAV9 can support a CNS strategy, but enamel-forming tissues remain hard to reach and timing-limited.	ROGDI nano-rare-GT Scoring
Name three green-light criteria for ROGDI.	Confirmed Q9GZN7/ROGDI identity, correct expression/localization in patient neurons, mechanism-linked cell rescue, animal CNS benefit at tolerable dose, and regulatory acceptance of potency logic.	ROGDI nano-rare-GT Go_no_go
Name three kill criteria for ROGDI.	Failure to express or localize ROGDI, no functional rescue despite expression, unacceptable toxicity, inadequate CNS biodistribution, or potency assays that cannot be linked to disease mechanism.	ROGDI nano-rare-GT Go_no_go
What is the first reusable step when applying this framework to another disease?	Lock the disease, gene, and protein identity using trusted source IDs before scoring or designing a vector.	ROGDI nano-rare-GT Reusable_workflow
What key facts should be collected for any new disease?	Disease ID, gene ID, protein ID, inheritance, mechanism, clinical features, target tissues, protein size, localization, secretion status, existing treatments, and source links.	ROGDI nano-rare-GT Reusable_workflow
What is the main lesson of the corrected ROGDI audit?	A small gene can still be technically demanding if the protein is intracellular, non-secreted, localization-sensitive, and affects hard-to-reach tissues.	ROGDI nano-rare-GT Reusable_workflow
