orphanet_id,disease_name,gene,mechanism_category,mechanism_detail,gene_addition_compatibility,preferred_modality,evidence_level,evidence_summary,evidence_url,evidence_citation,evidence_status
ORPHA:306,Hemophilia B,F9,loss_of_function,Factor IX deficiency from pathogenic F9 variants,compatible,gene_addition_or_factor_expression,direct,Deficiency of coagulation factor IX is the therapeutic deficit; liver-directed F9 expression is an approved gene-addition precedent,https://omim.org/entry/306900,OMIM Hemophilia B 306900,source_linked_needs_review
ORPHA:65,Leber congenital amaurosis,RPE65,loss_of_function,RPE65 retinoid-cycle enzyme deficiency,compatible,gene_addition,direct,Biallelic RPE65 disease is treated by supplying functional RPE65 to retinal pigment epithelium,https://www.fda.gov/vaccines-blood-biologics/cellular-gene-therapy-products/luxturna,FDA Luxturna product information,source_linked_needs_review
ORPHA:277,Severe combined immunodeficiency due to adenosine deaminase deficiency,ADA,loss_of_function,ADA enzyme deficiency causing toxic purine metabolite accumulation,compatible,ex_vivo_hsc_gene_addition,direct,ADA-SCID is a deficiency disorder with approved ex vivo gene-addition precedent,https://omim.org/entry/102700,OMIM ADA-SCID 102700,source_linked_needs_review
ORPHA:70,Spinal Muscular Atrophy,SMN1,loss_of_function,SMN protein deficiency from biallelic SMN1 mutation,compatible,gene_addition,direct,FDA Zolgensma indication is SMA with biallelic SMN1 mutations; product supplies functional SMN transgene,https://www.fda.gov/vaccines-blood-biologics/zolgensma,FDA Zolgensma product page,source_linked_needs_review
ORPHA:98896,Duchenne muscular dystrophy,DMD,loss_of_function_oversized,Dystrophin loss with native DMD too large for single AAV,conditional,engineered_microgene_or_dual_vector,direct,DMD supports replacement logic but requires micro-dystrophin or other engineered strategies because full-length DMD exceeds AAV capacity,https://pubmed.ncbi.nlm.nih.gov/36990339/,Chamberlain et al. 2023 microdystrophin review,source_linked_needs_review
ORPHA:104,Leber hereditary optic neuropathy,MT-ND4,mitochondrial_loss_of_function,Mitochondrial complex I dysfunction from MT-ND4 variant,uncertain,specialized_allotopic_expression_or_mitochondrial_strategy,direct,Mitochondrial DNA disease is not ordinary nuclear gene addition; allotopic AAV approaches are specialized and disease-specific,https://omim.org/entry/516003,OMIM MT-ND4 gene entry,needs_manual_review
ORPHA:49382,Achromatopsia,CNGB3,loss_of_function,Cone cyclic nucleotide-gated channel beta-subunit loss,compatible,retinal_gene_addition,direct,Biallelic CNGB3 loss is compatible with photoreceptor-directed gene addition if target cells remain viable,https://omim.org/entry/605080,OMIM CNGB3 gene entry,source_linked_needs_review
ORPHA:61,Alpha-mannosidosis,MAN2B1,loss_of_function,Lysosomal alpha-mannosidase enzyme deficiency,compatible,gene_addition_or_cross_correction,direct,Lysosomal enzyme deficiency supports gene addition and possible cross-correction logic,https://omim.org/entry/609458,OMIM MAN2B1 gene entry,source_linked_needs_review
ORPHA:180,Choroideremia,CHM,loss_of_function,REP1 deficiency affecting retinal cells,compatible,retinal_gene_addition,direct,CHM loss of function is a retinal gene-addition target if viable retina remains,https://omim.org/entry/300390,OMIM CHM gene entry,source_linked_needs_review
ORPHA:1060,Crigler-Najjar syndrome type I,UGT1A1,loss_of_function,Absent or severe deficiency of bilirubin UDP-glucuronosyltransferase,compatible,liver_gene_addition,direct,UGT1A1 deficiency supports hepatocyte-directed gene addition,https://omim.org/entry/191740,OMIM UGT1A1 gene entry,source_linked_needs_review
ORPHA:324,Fabry disease,GLA,loss_of_function,Alpha-galactosidase A lysosomal enzyme deficiency,compatible,gene_addition_or_cross_correction,direct,Fabry is caused by deficient GLA enzyme activity; secreted enzyme strategies can support systemic cross-correction,https://omim.org/entry/300644,OMIM GLA gene entry,source_linked_needs_review
ORPHA:355,Gaucher disease,GBA,loss_of_function,Beta-glucocerebrosidase lysosomal enzyme deficiency,conditional,gene_addition_or_cross_correction,direct,GBA deficiency supports replacement logic but neuronopathic disease and tissue access can limit simple systemic correction,https://omim.org/entry/606463,OMIM GBA gene entry,source_linked_needs_review
ORPHA:79258,Glycogen storage disease type Ia,G6PC,loss_of_function,Glucose-6-phosphatase catalytic subunit deficiency,compatible,liver_kidney_gene_addition,direct,G6PC deficiency is a metabolic enzyme loss where liver-directed expression is a plausible gene-addition strategy,https://omim.org/entry/613742,OMIM G6PC gene entry,source_linked_needs_review
ORPHA:1946,Kohlschutter-Tonz syndrome,ROGDI,loss_of_function,ROGDI loss of function from recessive truncating splice or destabilizing variants,conditional,cns_gene_addition_with_cell_autonomous_rescue,direct,Published KTS variants in ROGDI are consistent with loss of function; gene addition is plausible but ROGDI is intracellular and disease biology is not fully resolved,https://pubmed.ncbi.nlm.nih.gov/22482807/,Schossig et al. 2012 Mutations in ROGDI Cause Kohlschutter-Tonz Syndrome,source_checked
ORPHA:487,Krabbe disease,GALC,loss_of_function,Galactocerebrosidase lysosomal enzyme deficiency,conditional,gene_addition_or_hsc_cross_correction,direct,GALC deficiency supports replacement logic but CNS delivery and toxic metabolite biology require disease-specific validation,https://omim.org/entry/606890,OMIM GALC gene entry,source_linked_needs_review
ORPHA:511,Maple syrup urine disease,BCKDHA,loss_of_function,Branched-chain alpha-ketoacid dehydrogenase E1 alpha deficiency,conditional,liver_gene_addition_or_enzyme_complex_rescue,direct,BCKDHA deficiency supports replacement logic but the multi-subunit enzyme complex and CNS metabolic crises make liver-only rescue uncertain,https://omim.org/entry/608348,OMIM BCKDHA gene entry,source_linked_needs_review
ORPHA:512,Metachromatic leukodystrophy,ARSA,loss_of_function,Arylsulfatase A lysosomal enzyme deficiency,compatible,ex_vivo_hsc_or_cns_gene_addition,direct,ARSA deficiency is compatible with gene addition and HSC-mediated enzyme delivery/cross-correction precedent,https://omim.org/entry/607574,OMIM ARSA gene entry,source_linked_needs_review
ORPHA:578,Mucolipidosis type IV,MCOLN1,loss_of_function,TRPML1 lysosomal membrane channel deficiency,conditional,cell_autonomous_gene_addition,direct,MCOLN1 loss supports gene addition but membrane-channel biology is cell-autonomous and not a strong cross-correction case,https://omim.org/entry/605248,OMIM MCOLN1 gene entry,source_linked_needs_review
ORPHA:579,Mucopolysaccharidosis type I,IDUA,loss_of_function,Alpha-L-iduronidase lysosomal enzyme deficiency,compatible,gene_addition_or_cross_correction,direct,IDUA enzyme deficiency supports replacement and cross-correction biology,https://omim.org/entry/252800,OMIM MPS I 252800,source_linked_needs_review
ORPHA:580,Mucopolysaccharidosis type II,IDS,loss_of_function,Iduronate-2-sulfatase lysosomal enzyme deficiency,compatible,gene_addition_or_cross_correction,direct,IDS enzyme deficiency supports replacement and cross-correction biology,https://omim.org/entry/300823,OMIM IDS gene entry,source_linked_needs_review
ORPHA:79269,Mucopolysaccharidosis type IIIA (Sanfilippo A),SGSH,loss_of_function,Heparan N-sulfatase lysosomal enzyme deficiency,compatible,cns_gene_addition_or_cross_correction,direct,SGSH enzyme deficiency supports replacement logic but CNS delivery is central for Sanfilippo A,https://omim.org/entry/605270,OMIM SGSH gene entry,source_linked_needs_review
ORPHA:664,Ornithine transcarbamylase deficiency,OTC,loss_of_function,Ornithine transcarbamylase urea-cycle enzyme deficiency,compatible,liver_gene_addition,direct,OTC deficiency is a liver metabolic enzyme loss compatible with hepatocyte gene addition,https://omim.org/entry/300461,OMIM OTC gene entry,source_linked_needs_review
ORPHA:716,Phenylketonuria,PAH,loss_of_function,Phenylalanine hydroxylase enzyme deficiency,compatible,liver_gene_addition,direct,PAH deficiency is a liver enzyme loss compatible with hepatocyte gene addition,https://omim.org/entry/612349,OMIM PAH gene entry,source_linked_needs_review
ORPHA:365,Pompe disease,GAA,loss_of_function,Acid alpha-glucosidase lysosomal enzyme deficiency,conditional,gene_addition_or_secreted_enzyme_rescue,direct,GAA deficiency supports replacement logic but skeletal and cardiac delivery needs broad tissue correction,https://omim.org/entry/606800,OMIM GAA gene entry,source_linked_needs_review
ORPHA:309,Salla disease,SLC17A5,loss_of_function,Sialin lysosomal transporter deficiency,conditional,cell_autonomous_gene_addition,direct,SLC17A5 transporter deficiency supports replacement logic but membrane transporter biology is mostly cell-autonomous,https://omim.org/entry/604322,OMIM SLC17A5 gene entry,source_linked_needs_review
ORPHA:27,Vitamin B12-unresponsive methylmalonic acidemia,MUT,loss_of_function,Methylmalonyl-CoA mutase mitochondrial enzyme deficiency,conditional,liver_gene_addition_or_mitochondrial_enzyme_rescue,direct,MUT deficiency supports replacement logic but mitochondrial enzyme import and multi-system metabolic disease require validation,https://omim.org/entry/609058,OMIM MUT gene entry,source_linked_needs_review
ORPHA:906,Wiskott-Aldrich syndrome,WAS,loss_of_function,WASP deficiency in hematopoietic cells,compatible,ex_vivo_hsc_gene_addition,direct,WAS loss of function is compatible with autologous hematopoietic stem-cell gene addition,https://omim.org/entry/300392,OMIM WAS gene entry,source_linked_needs_review
ORPHA:43,X-linked adrenoleukodystrophy,ABCD1,loss_of_function,Peroxisomal ABCD1 transporter deficiency,conditional,ex_vivo_hsc_gene_addition,direct,ABCD1 deficiency supports replacement logic but cerebral inflammatory disease relies on hematopoietic and CNS disease biology,https://omim.org/entry/300371,OMIM ABCD1 gene entry,source_linked_needs_review
ORPHA:596,X-linked myotubular myopathy,MTM1,loss_of_function,Myotubularin deficiency in skeletal muscle,compatible,muscle_gene_addition,direct,MTM1 loss of function is compatible with muscle-directed gene addition but dose toxicity must be reviewed,https://omim.org/entry/300415,OMIM MTM1 gene entry,source_linked_needs_review
ORPHA:792,X-linked retinoschisis,RS1,loss_of_function,Retinoschisin deficiency affecting retinal architecture,compatible,retinal_gene_addition,direct,RS1 deficiency supports retinal gene addition if target retinal structure remains treatable,https://omim.org/entry/300839,OMIM RS1 gene entry,source_linked_needs_review
