orphanet_id,disease_name,gene,inheritance,primary_tissues,prevalence,omim_ids,cohort_role,manual_fact_check_status,source_url,notes
ORPHA:306,Hemophilia B,F9,X-linked recessive,liver,1-5/100000,306900,positive_control,needs_user_fact_check,https://www.orpha.net/en/disease/detail/306,approved AAV5 liver precedent; positive control
ORPHA:65,Leber congenital amaurosis,RPE65,Autosomal recessive,retina,1-9/100000,204000,benchmark_with_known_gt_precedent,needs_user_fact_check,https://www.orpha.net/en/disease/detail/65,approved AAV2 retinal precedent; positive control
ORPHA:277,Severe combined immunodeficiency due to adenosine deaminase deficiency,ADA,Autosomal recessive,hematopoietic,1-9/1000000,102700,benchmark_with_known_gt_precedent,needs_user_fact_check,https://www.orpha.net/en/disease/detail/277,approved ex vivo/lentiviral HSC precedent; positive control
ORPHA:70,Spinal Muscular Atrophy,SMN1,Autosomal recessive,CNS; muscle,1-5/10000,253300,positive_control,needs_user_fact_check,https://www.orpha.net/en/disease/detail/70,approved AAV9 precedent; positive control
ORPHA:98896,Duchenne muscular dystrophy,DMD,X-linked recessive,muscle; heart,1-5/10000,310200,oversized_cargo_stress_test,needs_user_fact_check,https://www.orpha.net/en/disease/detail/98896,oversized native gene; micro-dystrophin precedent tests cargo-limit handling
ORPHA:104,Leber hereditary optic neuropathy,MT-ND4,Mitochondrial inheritance,retina; CNS,1-9/100000,535000,mitochondrial_stress_test,needs_user_fact_check,https://www.orpha.net/en/disease/detail/104,mitochondrial gene delivery stress test
ORPHA:49382,Achromatopsia,CNGB3,Autosomal recessive,retina,1-9/100000,262300,pilot_cohort,needs_user_fact_check,https://www.orpha.net/en/disease/detail/49382,selected to broaden tissue/pathway coverage of the monogenic GT matching cohort
ORPHA:61,Alpha-mannosidosis,MAN2B1,Autosomal recessive,CNS; liver,1-9/1000000,248500,pilot_cohort,needs_user_fact_check,https://www.orpha.net/en/disease/detail/61,selected to broaden tissue/pathway coverage of the monogenic GT matching cohort
ORPHA:180,Choroideremia,CHM,X-linked recessive,retina,1-9/100000,303100,pilot_cohort,needs_user_fact_check,https://www.orpha.net/en/disease/detail/180,selected to broaden tissue/pathway coverage of the monogenic GT matching cohort
ORPHA:1060,Crigler-Najjar syndrome type I,UGT1A1,Autosomal recessive,liver,<1/1000000,218800,pilot_cohort,needs_user_fact_check,https://www.orpha.net/en/disease/detail/1060,selected to broaden tissue/pathway coverage of the monogenic GT matching cohort
ORPHA:324,Fabry disease,GLA,X-linked dominant,liver; kidney; heart; CNS,1-5/10000,301500,pilot_cohort,needs_user_fact_check,https://www.orpha.net/en/disease/detail/324,selected to broaden tissue/pathway coverage of the monogenic GT matching cohort
ORPHA:355,Gaucher disease,GBA,Autosomal recessive,hematopoietic; liver; CNS,1-9/100000,230800,pilot_cohort,needs_user_fact_check,https://www.orpha.net/en/disease/detail/355,selected to broaden tissue/pathway coverage of the monogenic GT matching cohort
ORPHA:79258,Glycogen storage disease type Ia,G6PC,Autosomal recessive,liver; kidney,1-9/100000,232200,pilot_cohort,needs_user_fact_check,https://www.orpha.net/en/disease/detail/79258,selected to broaden tissue/pathway coverage of the monogenic GT matching cohort
ORPHA:1946,Kohlschutter-Tonz syndrome,ROGDI,Autosomal recessive,CNS,<1/1000000,226750,pilot_cohort,needs_user_fact_check,https://www.orpha.net/en/disease/detail/1946,selected to broaden tissue/pathway coverage of the monogenic GT matching cohort
ORPHA:487,Krabbe disease,GALC,Autosomal recessive,CNS,1-9/100000,245200,pilot_cohort,needs_user_fact_check,https://www.orpha.net/en/disease/detail/487,selected to broaden tissue/pathway coverage of the monogenic GT matching cohort
ORPHA:511,Maple syrup urine disease,BCKDHA,Autosomal recessive,liver; CNS,1-9/100000,248600,pilot_cohort,needs_user_fact_check,https://www.orpha.net/en/disease/detail/511,selected to broaden tissue/pathway coverage of the monogenic GT matching cohort
ORPHA:512,Metachromatic leukodystrophy,ARSA,Autosomal recessive,CNS,1-9/100000,250100,pilot_cohort,needs_user_fact_check,https://www.orpha.net/en/disease/detail/512,selected to broaden tissue/pathway coverage of the monogenic GT matching cohort
ORPHA:578,Mucolipidosis type IV,MCOLN1,Autosomal recessive,CNS; retina,<1/1000000,252650,pilot_cohort,needs_user_fact_check,https://www.orpha.net/en/disease/detail/578,selected to broaden tissue/pathway coverage of the monogenic GT matching cohort
ORPHA:579,Mucopolysaccharidosis type I,IDUA,Autosomal recessive,CNS; liver,1-9/100000,607014,pilot_cohort,needs_user_fact_check,https://www.orpha.net/en/disease/detail/579,selected to broaden tissue/pathway coverage of the monogenic GT matching cohort
ORPHA:580,Mucopolysaccharidosis type II,IDS,X-linked recessive,CNS; liver,1-9/100000,309900,pilot_cohort,needs_user_fact_check,https://www.orpha.net/en/disease/detail/580,selected to broaden tissue/pathway coverage of the monogenic GT matching cohort
ORPHA:79269,Mucopolysaccharidosis type IIIA (Sanfilippo A),SGSH,Autosomal recessive,CNS,1-9/100000,252900,pilot_cohort,needs_user_fact_check,https://www.orpha.net/en/disease/detail/79269,selected to broaden tissue/pathway coverage of the monogenic GT matching cohort
ORPHA:664,Ornithine transcarbamylase deficiency,OTC,X-linked recessive,liver; CNS,1-9/100000,311250,pilot_cohort,needs_user_fact_check,https://www.orpha.net/en/disease/detail/664,selected to broaden tissue/pathway coverage of the monogenic GT matching cohort
ORPHA:716,Phenylketonuria,PAH,Autosomal recessive,liver; CNS,1-5/10000,261600,pilot_cohort,needs_user_fact_check,https://www.orpha.net/en/disease/detail/716,selected to broaden tissue/pathway coverage of the monogenic GT matching cohort
ORPHA:365,Pompe disease,GAA,Autosomal recessive,muscle; heart,1-9/100000,232300,pilot_cohort,needs_user_fact_check,https://www.orpha.net/en/disease/detail/365,selected to broaden tissue/pathway coverage of the monogenic GT matching cohort
ORPHA:309,Salla disease,SLC17A5,Autosomal recessive,CNS,<1/1000000,604369,pilot_cohort,needs_user_fact_check,https://www.orpha.net/en/disease/detail/309,selected to broaden tissue/pathway coverage of the monogenic GT matching cohort
ORPHA:27,Vitamin B12-unresponsive methylmalonic acidemia,MUT,Autosomal recessive,liver; CNS,1-9/100000,251000,pilot_cohort,needs_user_fact_check,https://www.orpha.net/en/disease/detail/27,selected to broaden tissue/pathway coverage of the monogenic GT matching cohort
ORPHA:906,Wiskott-Aldrich syndrome,WAS,X-linked recessive,hematopoietic,1-9/1000000,301000,pilot_cohort,needs_user_fact_check,https://www.orpha.net/en/disease/detail/906,ex vivo HSC/lentiviral precedent relevance
ORPHA:43,X-linked adrenoleukodystrophy,ABCD1,X-linked recessive,CNS,1-9/100000,300100,pilot_cohort,needs_user_fact_check,https://www.orpha.net/en/disease/detail/43,lentiviral HSC/CNS leukodystrophy precedent relevance
ORPHA:596,X-linked myotubular myopathy,MTM1,X-linked recessive,muscle,1-9/100000,310400,pilot_cohort,needs_user_fact_check,https://www.orpha.net/en/disease/detail/596,selected to broaden tissue/pathway coverage of the monogenic GT matching cohort
ORPHA:792,X-linked retinoschisis,RS1,X-linked recessive,retina,1-5/10000,312700,pilot_cohort,needs_user_fact_check,https://www.orpha.net/en/disease/detail/792,selected to broaden tissue/pathway coverage of the monogenic GT matching cohort
